Top pages,Clicks,Impressions,CTR,Position
https://lazytimer.com/,11,29,37.93%,7.14
https://lazytimer.com/2-hour-timer,0,79,0%,36.75
https://lazytimer.com/workout-timer.html,0,18,0%,37
https://lazytimer.com/all-timers,0,16,0%,5.19
https://lazytimer.com/about,0,15,0%,2.07
https://lazytimer.com/how-to-use,0,15,0%,5.47
https://lazytimer.com/workout-timer,0,14,0%,5.29
https://lazytimer.com/study-timer.html,0,13,0%,9.46
https://lazytimer.com/pomodoro-timer,0,13,0%,12.92
https://lazytimer.com/study-timer,0,12,0%,6.75
https://lazytimer.com/meditation-timer,0,12,0%,9.75
https://lazytimer.com/40-minute-timer.html,0,11,0%,36.09
https://lazytimer.com/breathing-timer.html,0,10,0%,11.5
https://lazytimer.com/sleep-timer.html,0,9,0%,35.56
https://lazytimer.com/countdown-timer.html,0,8,0%,10.12
https://lazytimer.com/privacy-policy,0,7,0%,4
https://lazytimer.com/terms-of-service,0,7,0%,10.43
https://lazytimer.com/classroom-timer.html,0,6,0%,23.83
https://lazytimer.com/10-minute-timer.html,0,6,0%,27.83
https://lazytimer.com/25-minute-timer.html,0,6,0%,36.5
https://lazytimer.com/cooking-timer.html,0,5,0%,11.8
https://lazytimer.com/45-minute-timer.html,0,5,0%,19.8
https://lazytimer.com/hiit-timer.html,0,5,0%,38.4
https://lazytimer.com/30-minute-timer.html,0,5,0%,52.4
https://lazytimer.com/3-minute-timer.html,0,4,0%,23
https://lazytimer.com/egg-timer.html,0,4,0%,70.75
https://lazytimer.com/7-minute-timer.html,0,4,0%,85.75
https://lazytimer.com/20-minute-timer.html,0,3,0%,11.33
https://lazytimer.com/pomodoro-timer.html,0,3,0%,17.33
https://lazytimer.com/5-minute-timer,0,3,0%,19.33
https://lazytimer.com/1-minute-timer.html,0,3,0%,21.67
https://lazytimer.com/tabata-timer.html,0,3,0%,27.33
https://lazytimer.com/15-minute-timer.html,0,3,0%,39
https://lazytimer.com/2-minute-timer.html,0,2,0%,27
https://lazytimer.com/1-minute-timer,0,1,0%,1
https://lazytimer.com/2-minute-timer,0,1,0%,1
https://lazytimer.com/3-minute-timer,0,1,0%,1
https://lazytimer.com/4-minute-timer,0,1,0%,1
https://lazytimer.com/8-minute-timer.html,0,1,0%,26
https://lazytimer.com/4-minute-timer.html,0,1,0%,34